OrderID,Date,City,Category,Product,Quantity,Price,Revenue
1,27-09-2024,Delhi,Electronics,Laptop,3,960,2880
2,21-01-2024,Kolkata,Clothing,T-Shirt,3,3872,11616
3,02-08-2024,Mumbai,Clothing,T-Shirt,3,566,1698
4,09-04-2024,Bangalore,Electronics,Phone,3,3544,10632
5,29-05-2024,Delhi,Electronics,Phone,4,230,920
6,09-12-2024,Mumbai,Groceries,Rice,1,869,869
7,10-07-2024,Delhi,Electronics,Phone,4,2533,10132
8,09-11-2024,Delhi,Groceries,Milk,4,1284,5136
9,10-12-2024,Delhi,Groceries,Rice,2,4943,9886
10,28-02-2024,Delhi,Clothing,Jeans,1,574,574
11,06-07-2024,Kolkata,Groceries,Bread,3,2147,6441
12,08-07-2024,Mumbai,Groceries,Milk,4,1906,7624
13,20-02-2024,Chennai,Groceries,Rice,2,2834,5668
14,15-11-2024,Kolkata,Groceries,Bread,4,1367,5468
15,02-11-2024,Chennai,Electronics,Headphones,1,3302,3302
16,15-06-2024,Bangalore,Electronics,Laptop,3,2988,8964
17,29-03-2024,Kolkata,Electronics,Laptop,2,2535,5070
18,29-08-2024,Bangalore,Electronics,Laptop,4,2161,8644
19,11-12-2024,Bangalore,Electronics,Headphones,2,2924,5848
20,01-04-2024,Mumbai,Electronics,Phone,1,1463,1463
21,20-09-2024,Kolkata,Clothing,Jeans,3,1578,4734
22,24-07-2024,Delhi,Groceries,Bread,3,134,402
23,19-02-2024,Mumbai,Clothing,Jeans,1,2055,2055
24,23-02-2024,Kolkata,Clothing,Jacket,4,3173,12692
25,05-11-2024,Kolkata,Clothing,Jacket,2,3943,7886
26,05-08-2024,Delhi,Electronics,Phone,1,4898,4898
27,20-07-2024,Delhi,Clothing,Jacket,4,261,1044
28,26-09-2024,Chennai,Clothing,Jeans,2,1095,2190
29,02-08-2024,Kolkata,Clothing,Jacket,3,3442,10326
30,08-07-2024,Bangalore,Electronics,Phone,4,1116,4464
31,22-02-2024,Mumbai,Electronics,Phone,4,437,1748
32,04-08-2024,Mumbai,Groceries,Rice,4,4093,16372
33,10-02-2024,Mumbai,Clothing,T-Shirt,4,479,1916
34,27-10-2024,Chennai,Electronics,Laptop,1,2162,2162
35,09-12-2024,Mumbai,Electronics,Phone,1,2668,2668
36,15-05-2024,Delhi,Clothing,Jacket,1,2127,2127
37,11-06-2024,Mumbai,Clothing,Jacket,4,491,1964
38,17-09-2024,Chennai,Clothing,Jacket,3,4574,13722
39,10-02-2024,Bangalore,Clothing,T-Shirt,2,2378,4756
40,23-11-2024,Mumbai,Clothing,T-Shirt,4,300,1200
41,17-02-2024,Bangalore,Clothing,Jacket,4,3204,12816
42,02-03-2024,Mumbai,Groceries,Rice,3,2554,7662
43,08-04-2024,Mumbai,Electronics,Laptop,4,904,3616
44,04-02-2024,Kolkata,Clothing,T-Shirt,4,2873,11492
45,13-09-2024,Chennai,Electronics,Phone,1,2790,2790
46,11-09-2024,Kolkata,Clothing,Jacket,1,602,602
47,09-10-2024,Mumbai,Groceries,Rice,2,970,1940
48,15-01-2024,Mumbai,Clothing,Jacket,1,306,306
49,27-06-2024,Delhi,Electronics,Phone,2,1584,3168
50,18-08-2024,Chennai,Electronics,Headphones,3,963,2889
51,05-04-2024,Kolkata,Groceries,Rice,1,663,663
52,18-08-2024,Delhi,Clothing,T-Shirt,4,1857,7428
53,19-06-2024,Delhi,Groceries,Bread,1,1778,1778
54,13-01-2024,Mumbai,Clothing,T-Shirt,1,1159,1159
55,30-08-2024,Bangalore,Electronics,Phone,4,1822,7288
56,18-06-2024,Delhi,Groceries,Milk,2,2725,5450
57,13-05-2024,Kolkata,Clothing,T-Shirt,1,1697,1697
58,05-12-2024,Kolkata,Groceries,Milk,4,3727,14908
59,26-11-2024,Mumbai,Clothing,T-Shirt,2,2081,4162
60,13-12-2024,Delhi,Electronics,Headphones,4,1629,6516
61,08-07-2024,Kolkata,Electronics,Headphones,1,3402,3402
62,30-04-2024,Chennai,Groceries,Bread,1,1406,1406
63,24-12-2024,Kolkata,Electronics,Headphones,4,1382,5528
64,13-11-2024,Delhi,Electronics,Laptop,2,4844,9688
65,31-05-2024,Bangalore,Groceries,Rice,1,4879,4879
66,08-06-2024,Chennai,Electronics,Laptop,3,3545,10635
67,20-08-2024,Chennai,Electronics,Phone,4,1595,6380
68,21-02-2024,Bangalore,Electronics,Headphones,4,1953,7812
69,21-10-2024,Mumbai,Clothing,Jeans,4,3681,14724
70,22-04-2024,Chennai,Groceries,Rice,2,1736,3472
71,05-07-2024,Chennai,Clothing,T-Shirt,4,3252,13008
72,09-05-2024,Mumbai,Groceries,Milk,1,4197,4197
73,11-08-2024,Delhi,Electronics,Laptop,4,954,3816
74,05-05-2024,Bangalore,Clothing,Jeans,1,3574,3574
75,05-08-2024,Mumbai,Electronics,Laptop,2,1807,3614
76,03-09-2024,Mumbai,Clothing,Jacket,4,1833,7332
77,21-07-2024,Delhi,Groceries,Bread,4,3610,14440
78,11-09-2024,Kolkata,Groceries,Milk,4,4318,17272
79,20-11-2024,Chennai,Electronics,Phone,2,2427,4854
80,27-08-2024,Kolkata,Clothing,T-Shirt,4,297,1188
81,19-07-2024,Bangalore,Electronics,Laptop,4,708,2832
82,21-11-2024,Bangalore,Clothing,T-Shirt,4,4382,17528
83,27-05-2024,Mumbai,Groceries,Rice,4,1894,7576
84,26-05-2024,Mumbai,Electronics,Phone,4,1469,5876
85,17-07-2024,Bangalore,Clothing,T-Shirt,4,3011,12044
86,07-05-2024,Kolkata,Groceries,Rice,4,588,2352
87,25-12-2024,Kolkata,Electronics,Laptop,3,2485,7455
88,30-05-2024,Mumbai,Groceries,Milk,1,1902,1902
89,24-10-2024,Delhi,Electronics,Laptop,3,4161,12483
90,08-09-2024,Delhi,Groceries,Milk,3,362,1086
91,29-02-2024,Bangalore,Groceries,Rice,4,723,2892
92,30-10-2024,Kolkata,Groceries,Bread,1,2149,2149
93,06-02-2024,Delhi,Electronics,Phone,2,3823,7646
94,09-01-2024,Chennai,Electronics,Headphones,4,4190,16760
95,26-05-2024,Chennai,Clothing,T-Shirt,1,3270,3270
96,10-05-2024,Mumbai,Electronics,Phone,4,2355,9420
97,09-06-2024,Chennai,Groceries,Milk,4,3291,13164
98,15-03-2024,Chennai,Clothing,T-Shirt,4,4823,19292
99,13-04-2024,Mumbai,Groceries,Bread,1,1545,1545
100,14-08-2024,Bangalore,Electronics,Phone,4,353,1412
101,08-04-2024,Bangalore,Clothing,T-Shirt,4,2657,10628
102,03-12-2024,Chennai,Clothing,T-Shirt,1,3061,3061
103,11-06-2024,Kolkata,Clothing,T-Shirt,2,2969,5938
104,17-06-2024,Mumbai,Groceries,Rice,4,1056,4224
105,08-03-2024,Bangalore,Electronics,Laptop,4,260,1040
106,03-10-2024,Kolkata,Electronics,Laptop,1,4593,4593
107,14-05-2024,Chennai,Electronics,Phone,4,4087,16348
108,07-05-2024,Chennai,Electronics,Phone,3,4596,13788
109,22-01-2024,Delhi,Clothing,Jacket,1,2835,2835
110,07-02-2024,Delhi,Clothing,Jacket,2,1793,3586
111,20-02-2024,Kolkata,Electronics,Phone,2,3536,7072
112,27-01-2024,Mumbai,Groceries,Rice,2,3454,6908
113,06-04-2024,Kolkata,Clothing,Jacket,2,4993,9986
114,12-11-2024,Chennai,Clothing,Jeans,4,1059,4236
115,04-01-2024,Bangalore,Clothing,Jeans,4,4854,19416
116,17-01-2024,Delhi,Electronics,Headphones,3,3220,9660
117,06-06-2024,Bangalore,Groceries,Milk,4,1343,5372
118,06-01-2024,Chennai,Electronics,Headphones,1,1169,1169
119,06-10-2024,Delhi,Groceries,Bread,3,1160,3480
120,29-06-2024,Kolkata,Electronics,Headphones,1,401,401
121,06-07-2024,Bangalore,Electronics,Phone,3,3270,9810
122,09-07-2024,Kolkata,Groceries,Bread,1,1239,1239
123,09-06-2024,Delhi,Clothing,T-Shirt,1,1080,1080
124,07-05-2024,Kolkata,Clothing,Jacket,4,3494,13976
125,10-08-2024,Kolkata,Clothing,T-Shirt,2,1916,3832
126,18-11-2024,Chennai,Clothing,Jacket,2,669,1338
127,06-10-2024,Chennai,Electronics,Headphones,4,2833,11332
128,07-12-2024,Kolkata,Electronics,Phone,2,4114,8228
129,06-05-2024,Chennai,Groceries,Bread,3,3109,9327
130,29-09-2024,Chennai,Electronics,Laptop,3,2637,7911
131,24-06-2024,Delhi,Clothing,Jeans,4,4441,17764
132,26-01-2024,Bangalore,Electronics,Laptop,3,2906,8718
133,13-01-2024,Delhi,Clothing,Jacket,3,1941,5823
134,08-11-2024,Mumbai,Clothing,Jacket,4,3050,12200
135,20-01-2024,Bangalore,Clothing,Jacket,4,4880,19520
136,21-05-2024,Chennai,Electronics,Phone,1,3947,3947
137,01-04-2024,Mumbai,Electronics,Phone,4,1266,5064
138,07-12-2024,Kolkata,Electronics,Laptop,2,2874,5748
139,04-07-2024,Chennai,Electronics,Phone,3,3836,11508
140,04-05-2024,Chennai,Electronics,Phone,3,3361,10083
141,18-06-2024,Mumbai,Groceries,Milk,2,1815,3630
142,23-02-2024,Delhi,Clothing,Jeans,2,3954,7908
143,10-04-2024,Kolkata,Groceries,Milk,3,2591,7773
144,29-02-2024,Chennai,Groceries,Bread,1,3224,3224
145,12-04-2024,Kolkata,Electronics,Laptop,4,104,416
146,30-12-2024,Delhi,Groceries,Milk,4,4969,19876
147,20-12-2024,Chennai,Electronics,Laptop,4,4242,16968
148,03-05-2024,Mumbai,Clothing,T-Shirt,3,4464,13392
149,26-05-2024,Kolkata,Electronics,Laptop,2,1793,3586
150,14-11-2024,Kolkata,Electronics,Headphones,1,219,219
151,27-02-2024,Chennai,Electronics,Headphones,3,3775,11325
152,16-08-2024,Delhi,Groceries,Rice,3,1469,4407
153,13-11-2024,Delhi,Groceries,Milk,2,216,432
154,08-05-2024,Chennai,Electronics,Headphones,3,1250,3750
155,01-01-2024,Chennai,Electronics,Headphones,2,4829,9658
156,05-04-2024,Mumbai,Clothing,Jeans,3,2949,8847
157,29-03-2024,Bangalore,Electronics,Laptop,2,659,1318
158,07-07-2024,Mumbai,Clothing,Jeans,4,3443,13772
159,09-03-2024,Mumbai,Clothing,Jacket,3,4899,14697
160,16-03-2024,Mumbai,Groceries,Rice,2,2394,4788
161,26-03-2024,Bangalore,Groceries,Milk,2,1779,3558
162,07-08-2024,Bangalore,Groceries,Rice,1,3456,3456
163,03-04-2024,Bangalore,Clothing,Jacket,1,3218,3218
164,22-07-2024,Kolkata,Electronics,Headphones,2,3159,6318
165,06-12-2024,Delhi,Electronics,Headphones,4,2365,9460
166,15-10-2024,Chennai,Electronics,Phone,3,1735,5205
167,22-12-2024,Bangalore,Groceries,Bread,2,1857,3714
168,28-06-2024,Mumbai,Groceries,Rice,3,2949,8847
169,05-04-2024,Mumbai,Groceries,Milk,3,3830,11490
170,20-11-2024,Delhi,Electronics,Laptop,1,1115,1115
171,16-01-2024,Delhi,Groceries,Rice,1,4711,4711
172,03-09-2024,Bangalore,Groceries,Milk,4,435,1740
173,08-06-2024,Delhi,Groceries,Bread,2,4692,9384
174,31-05-2024,Bangalore,Groceries,Rice,3,951,2853
175,02-02-2024,Kolkata,Clothing,Jacket,4,3846,15384
176,10-04-2024,Chennai,Groceries,Bread,1,2838,2838
177,12-02-2024,Chennai,Electronics,Phone,4,4013,16052
178,12-01-2024,Mumbai,Clothing,Jacket,4,4480,17920
179,09-09-2024,Mumbai,Groceries,Rice,3,3473,10419
180,04-02-2024,Chennai,Clothing,Jeans,3,853,2559
181,30-03-2024,Chennai,Groceries,Bread,3,2996,8988
182,24-04-2024,Mumbai,Electronics,Headphones,4,1725,6900
183,14-07-2024,Chennai,Clothing,Jacket,1,4074,4074
184,15-03-2024,Chennai,Groceries,Milk,2,1616,3232
185,03-10-2024,Delhi,Clothing,Jeans,1,828,828
186,12-06-2024,Mumbai,Groceries,Milk,1,2908,2908
187,10-07-2024,Delhi,Groceries,Bread,2,2604,5208
188,05-02-2024,Chennai,Groceries,Rice,3,1222,3666
189,31-05-2024,Bangalore,Electronics,Laptop,2,2243,4486
190,24-09-2024,Bangalore,Clothing,T-Shirt,3,4232,12696
191,13-01-2024,Delhi,Electronics,Phone,1,3866,3866
192,26-12-2024,Kolkata,Clothing,Jacket,3,3014,9042
193,02-03-2024,Kolkata,Electronics,Laptop,2,4052,8104
194,07-12-2024,Chennai,Groceries,Bread,4,828,3312
195,19-01-2024,Delhi,Electronics,Phone,1,798,798
196,20-08-2024,Chennai,Groceries,Milk,1,495,495
197,21-09-2024,Chennai,Clothing,Jeans,3,4271,12813
198,24-07-2024,Delhi,Electronics,Laptop,3,1919,5757
199,23-05-2024,Kolkata,Groceries,Milk,3,3677,11031
200,08-04-2024,Chennai,Clothing,Jacket,1,3240,3240
201,22-02-2024,Kolkata,Clothing,Jeans,4,3038,12152
202,26-02-2024,Mumbai,Electronics,Laptop,3,1267,3801
203,29-06-2024,Delhi,Electronics,Headphones,3,2256,6768
204,10-08-2024,Mumbai,Electronics,Laptop,2,3082,6164
205,11-06-2024,Delhi,Clothing,Jacket,2,1256,2512
206,22-08-2024,Kolkata,Electronics,Headphones,3,832,2496
207,16-03-2024,Mumbai,Groceries,Milk,3,4946,14838
208,09-09-2024,Kolkata,Groceries,Rice,1,1053,1053
209,22-06-2024,Bangalore,Groceries,Milk,2,1642,3284
210,18-06-2024,Bangalore,Groceries,Rice,1,1291,1291
211,09-10-2024,Delhi,Electronics,Headphones,1,3093,3093
212,05-01-2024,Bangalore,Electronics,Laptop,2,1317,2634
213,04-12-2024,Delhi,Groceries,Bread,1,3336,3336
214,16-11-2024,Chennai,Electronics,Laptop,4,1488,5952
215,24-05-2024,Kolkata,Electronics,Headphones,2,599,1198
216,27-10-2024,Bangalore,Electronics,Laptop,3,4412,13236
217,10-03-2024,Kolkata,Groceries,Milk,4,1927,7708
218,01-10-2024,Delhi,Clothing,T-Shirt,4,3586,14344
219,30-06-2024,Delhi,Groceries,Milk,1,3023,3023
220,20-07-2024,Chennai,Groceries,Bread,3,4286,12858
221,08-02-2024,Chennai,Groceries,Rice,2,3702,7404
222,21-06-2024,Delhi,Electronics,Phone,2,3622,7244
223,07-08-2024,Bangalore,Clothing,Jeans,1,4949,4949
224,27-05-2024,Chennai,Electronics,Laptop,2,1181,2362
225,12-11-2024,Kolkata,Groceries,Milk,4,555,2220
226,01-01-2024,Mumbai,Clothing,T-Shirt,3,1484,4452
227,13-12-2024,Chennai,Groceries,Milk,3,2096,6288
228,09-07-2024,Kolkata,Electronics,Phone,2,604,1208
229,07-11-2024,Delhi,Groceries,Rice,4,3540,14160
230,27-02-2024,Kolkata,Clothing,Jacket,1,233,233
231,08-06-2024,Bangalore,Groceries,Milk,4,4880,19520
232,29-10-2024,Bangalore,Electronics,Phone,1,1952,1952
233,31-07-2024,Chennai,Electronics,Phone,1,4275,4275
234,16-08-2024,Delhi,Clothing,Jeans,3,2911,8733
235,26-05-2024,Kolkata,Electronics,Laptop,4,1350,5400
236,16-02-2024,Kolkata,Clothing,Jeans,4,3612,14448
237,14-01-2024,Delhi,Groceries,Milk,1,3476,3476
238,01-01-2024,Delhi,Electronics,Headphones,3,3586,10758
239,15-09-2024,Chennai,Groceries,Bread,1,3737,3737
240,12-01-2024,Mumbai,Electronics,Laptop,4,570,2280
241,28-09-2024,Bangalore,Clothing,Jeans,2,2883,5766
242,04-06-2024,Chennai,Electronics,Laptop,4,457,1828
243,13-12-2024,Delhi,Electronics,Laptop,1,1245,1245
244,15-05-2024,Mumbai,Clothing,Jeans,4,4285,17140
245,07-08-2024,Delhi,Clothing,T-Shirt,2,639,1278
246,15-08-2024,Kolkata,Electronics,Headphones,1,4236,4236
247,07-08-2024,Delhi,Groceries,Milk,4,2608,10432
248,15-02-2024,Chennai,Clothing,T-Shirt,4,1024,4096
249,22-03-2024,Kolkata,Electronics,Headphones,3,3424,10272
250,15-07-2024,Kolkata,Electronics,Laptop,3,355,1065
251,10-01-2024,Chennai,Electronics,Headphones,3,2044,6132
252,29-08-2024,Kolkata,Electronics,Laptop,4,897,3588
253,15-10-2024,Mumbai,Clothing,Jacket,3,1115,3345
254,25-05-2024,Kolkata,Groceries,Milk,2,3236,6472
255,04-08-2024,Delhi,Groceries,Bread,4,4258,17032
256,07-04-2024,Delhi,Electronics,Laptop,2,4884,9768
257,06-11-2024,Delhi,Groceries,Bread,1,610,610
258,15-07-2024,Delhi,Groceries,Bread,2,4671,9342
259,23-12-2024,Mumbai,Electronics,Headphones,3,1768,5304
260,23-01-2024,Chennai,Electronics,Headphones,3,1560,4680
261,13-06-2024,Kolkata,Electronics,Phone,1,3736,3736
262,24-05-2024,Delhi,Clothing,T-Shirt,2,4278,8556
263,20-02-2024,Delhi,Groceries,Bread,1,2148,2148
264,16-09-2024,Bangalore,Electronics,Headphones,1,816,816
265,14-10-2024,Kolkata,Electronics,Headphones,2,4644,9288
266,04-04-2024,Chennai,Electronics,Phone,2,3519,7038
267,02-06-2024,Delhi,Electronics,Laptop,4,1674,6696
268,27-04-2024,Mumbai,Electronics,Phone,2,773,1546
269,01-11-2024,Kolkata,Clothing,Jacket,3,4062,12186
270,23-02-2024,Chennai,Groceries,Bread,4,2084,8336
271,09-08-2024,Mumbai,Electronics,Laptop,4,488,1952
272,21-04-2024,Bangalore,Electronics,Phone,3,1948,5844
273,25-07-2024,Bangalore,Electronics,Phone,3,3474,10422
274,06-03-2024,Kolkata,Electronics,Laptop,1,4081,4081
275,12-04-2024,Mumbai,Groceries,Bread,3,4630,13890
276,13-08-2024,Delhi,Clothing,Jacket,2,4959,9918
277,07-04-2024,Chennai,Clothing,Jacket,2,1429,2858
278,12-12-2024,Chennai,Clothing,Jeans,2,1458,2916
279,03-11-2024,Chennai,Electronics,Headphones,3,4642,13926
280,30-11-2024,Bangalore,Groceries,Bread,1,4361,4361
281,03-09-2024,Bangalore,Electronics,Phone,4,4737,18948
282,12-05-2024,Bangalore,Clothing,T-Shirt,2,2228,4456
283,02-07-2024,Mumbai,Clothing,Jeans,1,237,237
284,05-12-2024,Kolkata,Clothing,Jeans,1,2932,2932
285,03-02-2024,Chennai,Groceries,Rice,4,4264,17056
286,05-05-2024,Bangalore,Electronics,Headphones,2,4400,8800
287,27-08-2024,Chennai,Clothing,Jeans,3,4238,12714
288,20-04-2024,Chennai,Groceries,Bread,3,2006,6018
289,08-01-2024,Mumbai,Clothing,T-Shirt,1,3545,3545
290,02-07-2024,Mumbai,Clothing,T-Shirt,4,4555,18220
291,17-12-2024,Mumbai,Clothing,T-Shirt,1,3366,3366
292,02-04-2024,Bangalore,Groceries,Bread,3,766,2298
293,01-03-2024,Chennai,Electronics,Headphones,4,2069,8276
294,03-10-2024,Kolkata,Clothing,Jacket,2,3222,6444
295,18-06-2024,Chennai,Clothing,Jeans,1,4799,4799
296,11-12-2024,Delhi,Clothing,Jeans,1,623,623
297,18-03-2024,Mumbai,Groceries,Bread,2,2693,5386
298,16-02-2024,Bangalore,Groceries,Rice,2,2396,4792
299,26-08-2024,Delhi,Electronics,Laptop,1,2361,2361
300,14-11-2024,Mumbai,Clothing,Jeans,4,4302,17208
301,02-12-2024,Kolkata,Clothing,Jeans,4,3744,14976
302,22-04-2024,Delhi,Groceries,Rice,2,2155,4310
303,28-06-2024,Delhi,Electronics,Phone,3,1376,4128
304,06-05-2024,Delhi,Groceries,Bread,3,402,1206
305,14-01-2024,Delhi,Clothing,Jacket,4,4921,19684
306,18-03-2024,Delhi,Clothing,Jeans,2,4223,8446
307,02-06-2024,Kolkata,Electronics,Headphones,4,464,1856
308,25-08-2024,Delhi,Groceries,Milk,2,1746,3492
309,30-09-2024,Delhi,Clothing,Jacket,3,1631,4893
310,15-01-2024,Bangalore,Groceries,Bread,2,2006,4012
311,28-01-2024,Chennai,Clothing,Jeans,4,4680,18720
312,29-09-2024,Chennai,Clothing,Jacket,2,1162,2324
313,26-10-2024,Mumbai,Electronics,Phone,3,225,675
314,30-07-2024,Chennai,Groceries,Milk,1,3696,3696
315,07-03-2024,Chennai,Groceries,Bread,1,1703,1703
316,25-05-2024,Kolkata,Electronics,Laptop,1,2256,2256
317,03-02-2024,Bangalore,Electronics,Phone,3,4306,12918
318,23-08-2024,Bangalore,Clothing,Jacket,3,4107,12321
319,10-04-2024,Chennai,Clothing,Jeans,3,2572,7716
320,08-10-2024,Bangalore,Clothing,Jeans,2,2839,5678
321,10-11-2024,Kolkata,Electronics,Phone,4,1861,7444
322,15-10-2024,Chennai,Groceries,Rice,1,3912,3912
323,03-10-2024,Kolkata,Electronics,Headphones,1,2809,2809
324,21-04-2024,Delhi,Electronics,Phone,2,1705,3410
325,26-11-2024,Chennai,Clothing,Jacket,4,3521,14084
326,04-04-2024,Chennai,Electronics,Phone,2,2497,4994
327,16-05-2024,Delhi,Groceries,Bread,4,2970,11880
328,31-01-2024,Delhi,Electronics,Headphones,3,342,1026
329,05-02-2024,Mumbai,Groceries,Bread,4,4424,17696
330,17-11-2024,Delhi,Groceries,Rice,4,105,420
331,04-01-2024,Kolkata,Clothing,T-Shirt,4,4270,17080
332,27-04-2024,Mumbai,Groceries,Bread,3,745,2235
333,02-03-2024,Chennai,Groceries,Milk,1,2651,2651
334,30-11-2024,Kolkata,Groceries,Bread,1,4389,4389
335,19-11-2024,Delhi,Electronics,Phone,3,1241,3723
336,12-08-2024,Chennai,Clothing,Jacket,3,823,2469
337,19-05-2024,Mumbai,Clothing,T-Shirt,4,4308,17232
338,30-03-2024,Delhi,Electronics,Laptop,3,2148,6444
339,07-02-2024,Kolkata,Electronics,Laptop,2,4515,9030
340,18-05-2024,Mumbai,Clothing,Jeans,1,2017,2017
341,15-09-2024,Bangalore,Electronics,Headphones,3,2126,6378
342,26-06-2024,Delhi,Clothing,Jacket,1,1001,1001
343,17-09-2024,Kolkata,Groceries,Bread,4,109,436
344,20-06-2024,Chennai,Groceries,Rice,3,1773,5319
345,16-06-2024,Kolkata,Electronics,Laptop,2,2160,4320
346,16-11-2024,Delhi,Groceries,Milk,2,1719,3438
347,29-09-2024,Kolkata,Groceries,Bread,3,2476,7428
348,07-02-2024,Kolkata,Clothing,Jeans,1,2094,2094
349,03-04-2024,Chennai,Electronics,Laptop,3,3590,10770
350,13-11-2024,Kolkata,Groceries,Milk,3,1704,5112
351,29-11-2024,Mumbai,Electronics,Laptop,4,335,1340
352,16-05-2024,Delhi,Groceries,Bread,1,475,475
353,04-02-2024,Chennai,Groceries,Bread,2,2735,5470
354,29-02-2024,Mumbai,Clothing,Jeans,1,3491,3491
355,26-12-2024,Delhi,Clothing,T-Shirt,4,3950,15800
356,31-07-2024,Kolkata,Electronics,Laptop,1,1414,1414
357,18-03-2024,Bangalore,Electronics,Laptop,1,2998,2998
358,11-05-2024,Kolkata,Clothing,Jeans,2,2721,5442
359,29-03-2024,Bangalore,Electronics,Headphones,1,1165,1165
360,23-11-2024,Bangalore,Electronics,Phone,2,2443,4886
361,14-01-2024,Kolkata,Clothing,T-Shirt,3,4811,14433
362,04-05-2024,Kolkata,Clothing,Jacket,4,3862,15448
363,22-05-2024,Chennai,Groceries,Bread,2,4770,9540
364,24-05-2024,Delhi,Electronics,Laptop,1,2812,2812
365,04-11-2024,Bangalore,Electronics,Headphones,1,3154,3154
366,08-02-2024,Mumbai,Clothing,Jeans,4,2251,9004
367,13-05-2024,Delhi,Electronics,Phone,3,297,891
368,11-02-2024,Delhi,Clothing,Jeans,3,1302,3906
369,18-08-2024,Bangalore,Clothing,Jeans,4,2135,8540
370,05-06-2024,Chennai,Clothing,Jeans,3,519,1557
371,15-10-2024,Delhi,Groceries,Milk,2,1220,2440
372,26-03-2024,Delhi,Clothing,Jacket,2,2343,4686
373,02-05-2024,Bangalore,Groceries,Rice,2,4712,9424
374,27-04-2024,Mumbai,Clothing,T-Shirt,2,3012,6024
375,15-05-2024,Kolkata,Clothing,T-Shirt,2,3328,6656
376,16-02-2024,Kolkata,Clothing,T-Shirt,1,3328,3328
377,21-06-2024,Chennai,Clothing,Jeans,4,2991,11964
378,24-04-2024,Bangalore,Clothing,Jeans,2,194,388
379,18-10-2024,Bangalore,Clothing,T-Shirt,3,2055,6165
380,09-10-2024,Chennai,Groceries,Milk,2,1934,3868
381,10-09-2024,Delhi,Electronics,Laptop,1,4206,4206
382,07-02-2024,Bangalore,Groceries,Milk,2,3019,6038
383,23-01-2024,Kolkata,Electronics,Laptop,2,4907,9814
384,28-10-2024,Kolkata,Clothing,Jacket,3,445,1335
385,05-08-2024,Chennai,Groceries,Rice,3,2543,7629
386,28-07-2024,Kolkata,Clothing,Jacket,1,3105,3105
387,11-11-2024,Delhi,Electronics,Laptop,1,1739,1739
388,21-12-2024,Mumbai,Clothing,Jeans,3,3631,10893
389,19-10-2024,Bangalore,Groceries,Bread,4,3035,12140
390,15-04-2024,Delhi,Groceries,Rice,4,226,904
391,13-10-2024,Chennai,Electronics,Headphones,1,703,703
392,29-01-2024,Mumbai,Electronics,Laptop,2,4246,8492
393,23-10-2024,Mumbai,Clothing,Jacket,2,3467,6934
394,28-10-2024,Mumbai,Clothing,Jeans,2,1892,3784
395,11-12-2024,Kolkata,Electronics,Headphones,1,3576,3576
396,08-11-2024,Delhi,Groceries,Rice,2,1305,2610
397,24-02-2024,Kolkata,Clothing,Jeans,1,1954,1954
398,04-11-2024,Mumbai,Electronics,Headphones,3,2808,8424
399,08-11-2024,Chennai,Clothing,Jeans,1,301,301
400,31-08-2024,Mumbai,Electronics,Laptop,1,674,674
401,15-03-2024,Bangalore,Clothing,Jacket,1,1725,1725
402,28-07-2024,Kolkata,Groceries,Bread,2,485,970
403,12-12-2024,Chennai,Electronics,Laptop,3,517,1551
404,29-12-2024,Kolkata,Clothing,Jeans,1,1054,1054
405,31-05-2024,Bangalore,Groceries,Bread,3,1305,3915
406,28-06-2024,Bangalore,Electronics,Laptop,1,2090,2090
407,09-12-2024,Mumbai,Clothing,Jacket,2,3672,7344
408,03-03-2024,Bangalore,Clothing,T-Shirt,1,4480,4480
409,02-06-2024,Bangalore,Electronics,Laptop,3,4857,14571
410,02-12-2024,Kolkata,Electronics,Phone,4,3220,12880
411,25-06-2024,Mumbai,Electronics,Laptop,4,3532,14128
412,07-12-2024,Mumbai,Electronics,Headphones,4,3801,15204
413,25-12-2024,Kolkata,Electronics,Phone,4,1824,7296
414,13-09-2024,Delhi,Groceries,Rice,1,4522,4522
415,02-08-2024,Chennai,Electronics,Phone,4,3312,13248
416,29-07-2024,Mumbai,Groceries,Rice,3,1051,3153
417,06-06-2024,Chennai,Groceries,Bread,2,2179,4358
418,12-10-2024,Kolkata,Electronics,Headphones,1,3476,3476
419,19-01-2024,Chennai,Clothing,Jeans,4,3595,14380
420,18-03-2024,Kolkata,Electronics,Headphones,2,868,1736
421,12-07-2024,Bangalore,Clothing,Jacket,3,3157,9471
422,09-08-2024,Bangalore,Electronics,Laptop,2,2261,4522
423,14-11-2024,Kolkata,Clothing,Jacket,2,1046,2092
424,24-02-2024,Chennai,Clothing,T-Shirt,4,3435,13740
425,22-09-2024,Kolkata,Clothing,Jacket,3,4995,14985
426,10-06-2024,Bangalore,Clothing,T-Shirt,2,2001,4002
427,27-03-2024,Chennai,Groceries,Bread,4,4164,16656
428,26-06-2024,Chennai,Electronics,Headphones,3,1923,5769
429,16-11-2024,Kolkata,Groceries,Bread,3,3179,9537
430,18-11-2024,Mumbai,Groceries,Milk,1,2906,2906
431,11-09-2024,Kolkata,Clothing,Jacket,4,2590,10360
432,23-02-2024,Chennai,Groceries,Milk,1,427,427
433,16-08-2024,Chennai,Clothing,Jacket,1,3410,3410
434,20-09-2024,Delhi,Clothing,Jeans,3,3775,11325
435,28-03-2024,Mumbai,Groceries,Rice,2,2243,4486
436,29-04-2024,Chennai,Clothing,Jeans,2,1411,2822
437,13-06-2024,Kolkata,Electronics,Laptop,2,2638,5276
438,07-01-2024,Mumbai,Clothing,Jacket,2,922,1844
439,09-06-2024,Bangalore,Groceries,Rice,2,874,1748
440,26-05-2024,Kolkata,Electronics,Phone,3,3256,9768
441,05-02-2024,Delhi,Groceries,Bread,4,3552,14208
442,02-01-2024,Kolkata,Groceries,Milk,1,4277,4277
443,21-08-2024,Bangalore,Electronics,Phone,1,3694,3694
444,13-07-2024,Bangalore,Groceries,Milk,3,1509,4527
445,20-01-2024,Mumbai,Groceries,Rice,3,3290,9870
446,12-09-2024,Delhi,Groceries,Rice,1,904,904
447,07-12-2024,Delhi,Groceries,Rice,2,3677,7354
448,20-07-2024,Kolkata,Clothing,Jacket,4,4788,19152
449,28-02-2024,Mumbai,Groceries,Rice,2,2779,5558
450,11-08-2024,Delhi,Electronics,Headphones,2,4323,8646
451,24-04-2024,Delhi,Clothing,Jeans,1,4053,4053
452,09-01-2024,Bangalore,Groceries,Milk,1,2673,2673
453,24-08-2024,Chennai,Clothing,Jacket,4,4133,16532
454,19-07-2024,Chennai,Groceries,Rice,1,3530,3530
455,22-08-2024,Delhi,Clothing,Jacket,2,1401,2802
456,02-06-2024,Bangalore,Clothing,Jacket,2,2151,4302
457,18-04-2024,Mumbai,Electronics,Phone,2,2176,4352
458,19-10-2024,Bangalore,Electronics,Headphones,2,3898,7796
459,06-12-2024,Bangalore,Groceries,Rice,3,2275,6825
460,03-02-2024,Chennai,Groceries,Milk,2,140,280
461,27-03-2024,Chennai,Electronics,Headphones,1,4783,4783
462,27-01-2024,Delhi,Electronics,Phone,1,441,441
463,06-08-2024,Mumbai,Electronics,Headphones,1,745,745
464,24-09-2024,Kolkata,Electronics,Headphones,4,709,2836
465,21-06-2024,Chennai,Groceries,Milk,1,554,554
466,08-07-2024,Chennai,Groceries,Milk,1,3069,3069
467,04-03-2024,Kolkata,Clothing,Jacket,2,3729,7458
468,05-11-2024,Delhi,Groceries,Rice,2,3167,6334
469,02-11-2024,Mumbai,Electronics,Phone,3,3876,11628
470,08-10-2024,Chennai,Groceries,Milk,1,3463,3463
471,23-09-2024,Mumbai,Groceries,Bread,1,248,248
472,12-06-2024,Kolkata,Clothing,Jacket,4,2158,8632
473,21-10-2024,Chennai,Groceries,Milk,1,286,286
474,05-11-2024,Bangalore,Electronics,Laptop,4,1350,5400
475,20-04-2024,Kolkata,Clothing,Jeans,2,4250,8500
476,09-03-2024,Bangalore,Groceries,Bread,4,4953,19812
477,05-02-2024,Bangalore,Groceries,Bread,4,1885,7540
478,31-08-2024,Delhi,Groceries,Milk,3,1862,5586
479,30-12-2024,Bangalore,Electronics,Headphones,3,4020,12060
480,19-07-2024,Chennai,Groceries,Bread,3,581,1743
481,13-03-2024,Kolkata,Groceries,Milk,2,1624,3248
482,17-01-2024,Mumbai,Electronics,Headphones,1,2443,2443
483,01-03-2024,Bangalore,Electronics,Headphones,1,1340,1340
484,11-02-2024,Kolkata,Groceries,Bread,3,1739,5217
485,16-08-2024,Mumbai,Electronics,Laptop,1,4326,4326
486,11-04-2024,Kolkata,Clothing,T-Shirt,4,271,1084
487,10-04-2024,Kolkata,Clothing,Jeans,2,2422,4844
488,31-10-2024,Mumbai,Clothing,T-Shirt,4,4190,16760
489,26-02-2024,Mumbai,Groceries,Rice,1,429,429
490,13-11-2024,Mumbai,Clothing,T-Shirt,3,4207,12621
491,04-12-2024,Delhi,Clothing,T-Shirt,4,315,1260
492,28-05-2024,Kolkata,Clothing,Jeans,4,4162,16648
493,16-07-2024,Bangalore,Electronics,Phone,1,1850,1850
494,28-02-2024,Kolkata,Clothing,Jeans,4,3826,15304
495,30-12-2024,Bangalore,Clothing,Jacket,2,588,1176
496,14-10-2024,Delhi,Electronics,Phone,2,146,292
497,08-10-2024,Kolkata,Electronics,Laptop,2,4906,9812
498,06-09-2024,Bangalore,Groceries,Rice,1,3257,3257
499,30-11-2024,Kolkata,Electronics,Phone,3,3953,11859
500,24-06-2024,Delhi,Clothing,T-Shirt,1,4332,4332
501,10-11-2024,Delhi,Electronics,Headphones,4,1621,6484
502,22-03-2024,Kolkata,Clothing,Jeans,3,1600,4800
503,12-04-2024,Mumbai,Clothing,T-Shirt,3,2519,7557
504,31-05-2024,Delhi,Groceries,Bread,1,1282,1282
505,06-07-2024,Chennai,Clothing,T-Shirt,3,2767,8301
506,19-10-2024,Kolkata,Electronics,Headphones,1,230,230
507,01-07-2024,Delhi,Electronics,Phone,3,3083,9249
508,08-02-2024,Mumbai,Groceries,Milk,3,4559,13677
509,04-01-2024,Kolkata,Electronics,Laptop,3,4059,12177
510,28-07-2024,Mumbai,Clothing,Jeans,1,1020,1020
511,17-04-2024,Bangalore,Clothing,T-Shirt,1,4211,4211
512,06-11-2024,Kolkata,Electronics,Headphones,2,3621,7242
513,03-02-2024,Mumbai,Groceries,Milk,3,3341,10023
514,03-09-2024,Chennai,Electronics,Laptop,2,4446,8892
515,30-09-2024,Bangalore,Clothing,T-Shirt,1,3312,3312
516,08-02-2024,Mumbai,Electronics,Phone,4,3910,15640
517,13-11-2024,Delhi,Groceries,Bread,2,4224,8448
518,03-07-2024,Kolkata,Clothing,Jacket,1,4943,4943
519,23-08-2024,Delhi,Clothing,Jacket,4,3611,14444
520,22-09-2024,Kolkata,Groceries,Bread,3,2524,7572
521,24-12-2024,Delhi,Groceries,Rice,2,1020,2040
522,05-03-2024,Bangalore,Clothing,T-Shirt,4,4584,18336
523,03-01-2024,Bangalore,Groceries,Rice,2,3860,7720
524,06-06-2024,Chennai,Electronics,Phone,1,1265,1265
525,19-10-2024,Chennai,Electronics,Laptop,2,245,490
526,11-07-2024,Bangalore,Groceries,Milk,1,531,531
527,31-10-2024,Kolkata,Clothing,T-Shirt,1,2732,2732
528,19-05-2024,Chennai,Clothing,Jacket,1,1063,1063
529,19-10-2024,Mumbai,Groceries,Rice,3,2141,6423
530,16-07-2024,Kolkata,Clothing,Jeans,1,4168,4168
531,14-11-2024,Chennai,Clothing,Jeans,3,1563,4689
532,11-01-2024,Mumbai,Electronics,Phone,2,3515,7030
533,13-08-2024,Chennai,Clothing,T-Shirt,2,1968,3936
534,28-02-2024,Mumbai,Groceries,Rice,1,4967,4967
535,30-08-2024,Chennai,Groceries,Bread,4,984,3936
536,25-11-2024,Chennai,Electronics,Phone,1,1489,1489
537,08-11-2024,Mumbai,Groceries,Milk,3,4421,13263
538,28-08-2024,Mumbai,Clothing,Jacket,2,1036,2072
539,05-01-2024,Delhi,Groceries,Rice,2,3945,7890
540,16-02-2024,Delhi,Clothing,Jacket,1,153,153
541,09-01-2024,Bangalore,Groceries,Milk,3,2836,8508
542,28-08-2024,Kolkata,Clothing,Jeans,3,2013,6039
543,26-06-2024,Mumbai,Clothing,Jacket,1,2014,2014
544,24-05-2024,Delhi,Clothing,T-Shirt,2,2209,4418
545,08-06-2024,Delhi,Electronics,Headphones,4,102,408
546,25-09-2024,Bangalore,Clothing,T-Shirt,3,4169,12507
547,29-03-2024,Kolkata,Clothing,T-Shirt,4,992,3968
548,22-12-2024,Bangalore,Clothing,Jeans,1,4775,4775
549,14-04-2024,Kolkata,Groceries,Milk,2,1390,2780
550,29-01-2024,Chennai,Electronics,Phone,4,2782,11128
551,13-08-2024,Delhi,Groceries,Milk,1,1318,1318
552,09-01-2024,Kolkata,Electronics,Headphones,4,4365,17460
553,25-01-2024,Kolkata,Electronics,Headphones,3,4235,12705
554,13-08-2024,Chennai,Groceries,Milk,1,1518,1518
555,07-02-2024,Bangalore,Electronics,Laptop,4,1074,4296
556,24-06-2024,Mumbai,Groceries,Rice,4,4072,16288
557,06-02-2024,Mumbai,Electronics,Phone,2,1013,2026
558,10-10-2024,Kolkata,Groceries,Bread,4,1811,7244
559,23-04-2024,Bangalore,Electronics,Phone,1,4788,4788
560,11-08-2024,Delhi,Groceries,Milk,4,1424,5696
561,24-04-2024,Kolkata,Clothing,Jacket,2,2496,4992
562,09-02-2024,Delhi,Groceries,Milk,2,1691,3382
563,24-08-2024,Delhi,Clothing,Jacket,2,4030,8060
564,03-08-2024,Chennai,Clothing,Jacket,1,1385,1385
565,16-06-2024,Delhi,Groceries,Milk,3,2483,7449
566,25-09-2024,Mumbai,Groceries,Bread,4,1804,7216
567,10-12-2024,Bangalore,Electronics,Headphones,3,2704,8112
568,09-07-2024,Mumbai,Electronics,Laptop,1,4551,4551
569,06-07-2024,Chennai,Groceries,Rice,3,2569,7707
570,09-11-2024,Chennai,Electronics,Headphones,3,656,1968
571,08-06-2024,Kolkata,Groceries,Milk,1,4621,4621
572,06-06-2024,Chennai,Electronics,Phone,3,3608,10824
573,22-03-2024,Chennai,Clothing,Jacket,3,4098,12294
574,24-07-2024,Mumbai,Clothing,Jeans,4,3429,13716
575,12-01-2024,Kolkata,Clothing,Jacket,1,2112,2112
576,11-08-2024,Delhi,Groceries,Bread,3,2085,6255
577,03-06-2024,Chennai,Electronics,Laptop,1,3217,3217
578,25-12-2024,Kolkata,Electronics,Laptop,1,2164,2164
579,09-12-2024,Chennai,Clothing,T-Shirt,3,4895,14685
580,21-11-2024,Mumbai,Clothing,T-Shirt,1,4870,4870
581,14-03-2024,Delhi,Electronics,Headphones,3,3626,10878
582,14-11-2024,Kolkata,Electronics,Laptop,1,1347,1347
583,30-11-2024,Kolkata,Electronics,Headphones,4,671,2684
584,04-10-2024,Chennai,Groceries,Bread,2,2184,4368
585,29-08-2024,Kolkata,Electronics,Laptop,4,1987,7948
586,10-07-2024,Delhi,Groceries,Rice,4,4926,19704
587,11-07-2024,Chennai,Clothing,Jeans,1,1017,1017
588,29-04-2024,Delhi,Groceries,Bread,2,4669,9338
589,26-09-2024,Mumbai,Groceries,Bread,3,2453,7359
590,11-10-2024,Delhi,Groceries,Bread,4,786,3144
591,07-09-2024,Mumbai,Clothing,Jacket,4,3847,15388
592,07-01-2024,Bangalore,Groceries,Milk,3,2528,7584
593,02-02-2024,Mumbai,Clothing,T-Shirt,1,1006,1006
594,27-02-2024,Bangalore,Electronics,Laptop,2,4099,8198
595,13-08-2024,Kolkata,Electronics,Phone,3,3709,11127
596,08-04-2024,Delhi,Clothing,Jacket,1,615,615
597,27-09-2024,Kolkata,Clothing,Jacket,1,138,138
598,05-06-2024,Kolkata,Clothing,T-Shirt,3,2944,8832
599,09-05-2024,Chennai,Clothing,T-Shirt,3,1923,5769
600,22-01-2024,Delhi,Clothing,T-Shirt,3,3255,9765
601,02-12-2024,Delhi,Groceries,Bread,3,3878,11634
602,01-04-2024,Mumbai,Clothing,Jacket,2,3611,7222
603,29-10-2024,Delhi,Groceries,Milk,1,4216,4216
604,24-03-2024,Chennai,Groceries,Bread,4,4126,16504
605,13-09-2024,Delhi,Clothing,T-Shirt,2,1782,3564
606,15-01-2024,Bangalore,Electronics,Laptop,2,4063,8126
607,11-06-2024,Chennai,Groceries,Bread,2,2080,4160
608,07-10-2024,Chennai,Clothing,Jeans,4,3156,12624
609,27-09-2024,Mumbai,Electronics,Headphones,4,1909,7636
610,27-01-2024,Chennai,Clothing,T-Shirt,4,2355,9420
611,24-05-2024,Mumbai,Clothing,Jacket,4,1084,4336
612,08-01-2024,Kolkata,Groceries,Bread,1,3480,3480
613,22-06-2024,Bangalore,Clothing,Jacket,3,1150,3450
614,29-06-2024,Kolkata,Groceries,Bread,2,4544,9088
615,15-02-2024,Chennai,Groceries,Rice,4,3999,15996
616,09-08-2024,Chennai,Clothing,T-Shirt,3,3324,9972
617,23-08-2024,Bangalore,Clothing,Jacket,2,3444,6888
618,09-01-2024,Delhi,Groceries,Bread,4,1863,7452
619,14-11-2024,Mumbai,Electronics,Headphones,2,1116,2232
620,09-12-2024,Kolkata,Electronics,Phone,2,216,432
621,04-03-2024,Chennai,Clothing,Jacket,4,494,1976
622,12-03-2024,Chennai,Groceries,Milk,1,2868,2868
623,15-11-2024,Kolkata,Clothing,Jeans,1,373,373
624,04-04-2024,Kolkata,Electronics,Laptop,2,1489,2978
625,11-01-2024,Chennai,Clothing,Jeans,2,1667,3334
626,15-10-2024,Kolkata,Electronics,Laptop,1,828,828
627,23-09-2024,Kolkata,Electronics,Headphones,4,4297,17188
628,28-03-2024,Kolkata,Clothing,Jacket,2,3862,7724
629,16-03-2024,Delhi,Electronics,Phone,1,2548,2548
630,08-06-2024,Kolkata,Clothing,Jacket,1,3217,3217
631,05-11-2024,Kolkata,Clothing,T-Shirt,3,691,2073
632,20-07-2024,Kolkata,Electronics,Phone,2,2820,5640
633,18-12-2024,Kolkata,Clothing,Jeans,4,4437,17748
634,20-08-2024,Chennai,Electronics,Headphones,2,2948,5896
635,17-03-2024,Chennai,Clothing,T-Shirt,1,2049,2049
636,12-04-2024,Bangalore,Groceries,Bread,4,1017,4068
637,22-06-2024,Kolkata,Clothing,Jeans,2,189,378
638,15-04-2024,Mumbai,Clothing,T-Shirt,2,4338,8676
639,31-10-2024,Delhi,Clothing,Jeans,3,527,1581
640,02-05-2024,Delhi,Clothing,Jeans,4,416,1664
641,18-09-2024,Chennai,Groceries,Milk,2,2156,4312
642,10-02-2024,Mumbai,Clothing,Jacket,1,2370,2370
643,20-09-2024,Chennai,Groceries,Milk,2,815,1630
644,13-12-2024,Delhi,Groceries,Bread,4,1813,7252
645,13-11-2024,Chennai,Groceries,Milk,2,1207,2414
646,07-01-2024,Kolkata,Clothing,Jeans,3,350,1050
647,09-11-2024,Kolkata,Electronics,Phone,3,307,921
648,03-01-2024,Chennai,Groceries,Bread,2,509,1018
649,12-01-2024,Mumbai,Clothing,Jacket,3,4209,12627
650,25-01-2024,Kolkata,Groceries,Bread,3,3695,11085
651,01-05-2024,Kolkata,Groceries,Bread,1,1366,1366
652,25-08-2024,Delhi,Groceries,Rice,3,3738,11214
653,08-08-2024,Bangalore,Clothing,Jeans,4,4880,19520
654,01-07-2024,Kolkata,Clothing,T-Shirt,3,2456,7368
655,26-10-2024,Chennai,Groceries,Rice,4,406,1624
656,29-07-2024,Delhi,Clothing,T-Shirt,2,2089,4178
657,17-12-2024,Mumbai,Electronics,Laptop,2,4744,9488
658,28-02-2024,Chennai,Groceries,Bread,4,3020,12080
659,20-07-2024,Delhi,Groceries,Rice,3,3071,9213
660,02-04-2024,Bangalore,Electronics,Headphones,3,4230,12690
661,27-11-2024,Delhi,Clothing,T-Shirt,2,452,904
662,24-01-2024,Bangalore,Groceries,Bread,1,258,258
663,07-08-2024,Bangalore,Groceries,Bread,4,4711,18844
664,20-01-2024,Chennai,Groceries,Rice,4,3553,14212
665,05-04-2024,Kolkata,Electronics,Headphones,4,1812,7248
666,26-04-2024,Mumbai,Groceries,Bread,1,1373,1373
667,06-03-2024,Chennai,Electronics,Phone,2,3911,7822
668,18-09-2024,Bangalore,Groceries,Bread,3,1541,4623
669,30-08-2024,Mumbai,Electronics,Headphones,3,4109,12327
670,02-09-2024,Bangalore,Electronics,Phone,3,4381,13143
671,24-08-2024,Mumbai,Groceries,Milk,1,3814,3814
672,21-01-2024,Chennai,Electronics,Phone,2,3723,7446
673,08-10-2024,Chennai,Clothing,Jeans,3,3014,9042
674,27-08-2024,Mumbai,Electronics,Laptop,4,2247,8988
675,14-01-2024,Kolkata,Groceries,Bread,2,3469,6938
676,19-10-2024,Chennai,Groceries,Rice,2,101,202
677,10-02-2024,Kolkata,Electronics,Phone,1,4105,4105
678,11-11-2024,Kolkata,Electronics,Phone,2,1625,3250
679,14-01-2024,Delhi,Groceries,Milk,1,1746,1746
680,24-03-2024,Mumbai,Electronics,Laptop,4,2378,9512
681,21-11-2024,Bangalore,Groceries,Bread,2,3914,7828
682,10-12-2024,Bangalore,Clothing,Jeans,1,3038,3038
683,06-03-2024,Bangalore,Electronics,Laptop,1,127,127
684,17-09-2024,Delhi,Electronics,Phone,3,1352,4056
685,12-06-2024,Delhi,Electronics,Phone,3,4655,13965
686,13-10-2024,Mumbai,Clothing,Jeans,1,3474,3474
687,13-07-2024,Mumbai,Electronics,Laptop,3,3181,9543
688,20-03-2024,Kolkata,Groceries,Rice,2,369,738
689,15-12-2024,Mumbai,Clothing,Jeans,2,2991,5982
690,12-05-2024,Delhi,Groceries,Bread,1,1380,1380
691,04-03-2024,Chennai,Electronics,Laptop,4,2460,9840
692,30-04-2024,Bangalore,Groceries,Milk,2,1407,2814
693,22-07-2024,Bangalore,Groceries,Bread,3,2834,8502
694,29-04-2024,Kolkata,Electronics,Phone,1,2452,2452
695,25-07-2024,Kolkata,Clothing,Jeans,4,2303,9212
696,07-09-2024,Kolkata,Clothing,T-Shirt,2,719,1438
697,29-11-2024,Bangalore,Clothing,Jacket,1,2039,2039
698,19-10-2024,Mumbai,Groceries,Bread,2,1068,2136
699,11-10-2024,Delhi,Groceries,Rice,4,381,1524
700,16-07-2024,Bangalore,Groceries,Milk,1,1158,1158
701,28-02-2024,Delhi,Electronics,Laptop,1,3928,3928
702,27-06-2024,Delhi,Clothing,T-Shirt,1,1108,1108
703,02-10-2024,Chennai,Electronics,Headphones,2,1135,2270
704,03-08-2024,Bangalore,Groceries,Bread,1,2389,2389
705,04-08-2024,Bangalore,Groceries,Rice,3,225,675
706,03-07-2024,Chennai,Electronics,Phone,2,3968,7936
707,20-10-2024,Kolkata,Electronics,Laptop,3,3349,10047
708,01-12-2024,Mumbai,Groceries,Milk,4,4503,18012
709,08-01-2024,Chennai,Clothing,Jeans,2,2893,5786
710,08-05-2024,Mumbai,Electronics,Headphones,2,1464,2928
711,05-06-2024,Kolkata,Electronics,Phone,3,1899,5697
712,26-03-2024,Chennai,Groceries,Milk,4,4712,18848
713,11-07-2024,Chennai,Electronics,Laptop,3,3973,11919
714,23-04-2024,Chennai,Clothing,Jacket,3,2574,7722
715,29-10-2024,Kolkata,Electronics,Phone,2,3819,7638
716,16-03-2024,Chennai,Clothing,T-Shirt,4,4052,16208
717,10-12-2024,Delhi,Groceries,Bread,3,1963,5889
718,26-05-2024,Chennai,Groceries,Milk,2,3172,6344
719,30-10-2024,Chennai,Groceries,Bread,3,3224,9672
720,30-03-2024,Delhi,Clothing,T-Shirt,1,2508,2508
721,10-07-2024,Kolkata,Groceries,Bread,2,3391,6782
722,13-03-2024,Delhi,Clothing,Jacket,2,674,1348
723,25-09-2024,Kolkata,Electronics,Headphones,1,4883,4883
724,17-03-2024,Mumbai,Electronics,Headphones,1,3928,3928
725,19-11-2024,Delhi,Clothing,Jeans,3,588,1764
726,11-05-2024,Delhi,Clothing,Jeans,2,3273,6546
727,22-03-2024,Chennai,Groceries,Bread,2,4214,8428
728,05-10-2024,Mumbai,Electronics,Phone,1,1100,1100
729,26-11-2024,Mumbai,Electronics,Phone,3,1488,4464
730,05-11-2024,Chennai,Groceries,Rice,1,1467,1467
731,31-07-2024,Delhi,Groceries,Rice,3,1724,5172
732,17-07-2024,Delhi,Electronics,Phone,3,3247,9741
733,11-11-2024,Delhi,Clothing,T-Shirt,3,1016,3048
734,31-10-2024,Kolkata,Groceries,Rice,1,1540,1540
735,17-10-2024,Mumbai,Groceries,Bread,4,3668,14672
736,20-12-2024,Mumbai,Electronics,Laptop,4,3438,13752
737,21-09-2024,Chennai,Clothing,Jacket,4,2989,11956
738,23-11-2024,Bangalore,Electronics,Headphones,3,3965,11895
739,26-04-2024,Delhi,Electronics,Headphones,4,2601,10404
740,01-06-2024,Chennai,Electronics,Headphones,1,1277,1277
741,19-10-2024,Kolkata,Electronics,Phone,4,4499,17996
742,15-08-2024,Bangalore,Clothing,Jacket,3,3471,10413
743,08-12-2024,Mumbai,Clothing,Jeans,3,142,426
744,29-12-2024,Mumbai,Electronics,Phone,2,2645,5290
745,21-01-2024,Delhi,Groceries,Milk,3,1104,3312
746,01-12-2024,Chennai,Groceries,Bread,3,1114,3342
747,03-05-2024,Kolkata,Electronics,Headphones,3,3288,9864
748,20-02-2024,Bangalore,Clothing,Jacket,3,814,2442
749,03-10-2024,Mumbai,Groceries,Milk,3,4519,13557
750,01-10-2024,Delhi,Electronics,Laptop,1,4665,4665
751,21-02-2024,Chennai,Groceries,Milk,2,1063,2126
752,05-06-2024,Chennai,Clothing,Jacket,2,3710,7420
753,06-06-2024,Mumbai,Groceries,Bread,3,205,615
754,17-03-2024,Delhi,Clothing,Jacket,2,4197,8394
755,10-12-2024,Chennai,Electronics,Phone,4,2237,8948
756,19-09-2024,Kolkata,Groceries,Bread,2,3630,7260
757,14-03-2024,Delhi,Clothing,Jeans,3,3279,9837
758,07-11-2024,Bangalore,Groceries,Milk,3,3754,11262
759,24-10-2024,Kolkata,Clothing,T-Shirt,1,544,544
760,24-03-2024,Mumbai,Clothing,T-Shirt,4,135,540
761,19-09-2024,Chennai,Groceries,Milk,4,4057,16228
762,20-06-2024,Chennai,Groceries,Milk,2,1508,3016
763,27-12-2024,Delhi,Electronics,Headphones,4,1808,7232
764,20-05-2024,Delhi,Clothing,Jeans,3,3038,9114
765,01-08-2024,Bangalore,Clothing,Jacket,3,1400,4200
766,26-01-2024,Mumbai,Groceries,Bread,4,4076,16304
767,30-04-2024,Delhi,Groceries,Rice,1,109,109
768,31-05-2024,Chennai,Electronics,Laptop,1,2731,2731
769,02-06-2024,Mumbai,Groceries,Milk,4,1172,4688
770,08-03-2024,Kolkata,Groceries,Bread,3,1416,4248
771,29-02-2024,Chennai,Electronics,Phone,2,3783,7566
772,10-12-2024,Mumbai,Electronics,Headphones,3,3373,10119
773,29-08-2024,Chennai,Groceries,Milk,2,3140,6280
774,17-04-2024,Delhi,Electronics,Headphones,1,1684,1684
775,28-04-2024,Mumbai,Electronics,Phone,2,4868,9736
776,19-10-2024,Kolkata,Clothing,Jeans,1,761,761
777,08-06-2024,Delhi,Electronics,Laptop,3,2566,7698
778,18-03-2024,Delhi,Electronics,Headphones,3,749,2247
779,10-09-2024,Chennai,Groceries,Milk,1,540,540
780,15-11-2024,Mumbai,Groceries,Rice,1,869,869
781,25-03-2024,Kolkata,Groceries,Rice,3,4458,13374
782,11-02-2024,Chennai,Groceries,Bread,2,4006,8012
783,28-08-2024,Bangalore,Electronics,Phone,2,4108,8216
784,06-07-2024,Delhi,Electronics,Phone,3,3451,10353
785,08-03-2024,Mumbai,Electronics,Phone,2,3702,7404
786,11-02-2024,Bangalore,Groceries,Bread,2,1225,2450
787,18-04-2024,Bangalore,Clothing,Jacket,4,1290,5160
788,19-08-2024,Bangalore,Clothing,Jacket,2,4231,8462
789,12-06-2024,Bangalore,Electronics,Laptop,1,4548,4548
790,15-05-2024,Chennai,Electronics,Laptop,3,172,516
791,10-03-2024,Delhi,Electronics,Phone,1,2014,2014
792,14-07-2024,Delhi,Groceries,Bread,1,3146,3146
793,05-01-2024,Kolkata,Electronics,Phone,1,3813,3813
794,08-06-2024,Chennai,Electronics,Phone,4,3710,14840
795,17-08-2024,Kolkata,Groceries,Rice,1,2923,2923
796,07-03-2024,Mumbai,Electronics,Laptop,4,1685,6740
797,27-02-2024,Kolkata,Electronics,Laptop,2,2528,5056
798,21-11-2024,Bangalore,Electronics,Headphones,3,441,1323
799,20-06-2024,Bangalore,Groceries,Milk,2,2874,5748
800,27-07-2024,Chennai,Groceries,Bread,2,2761,5522
801,12-10-2024,Mumbai,Groceries,Milk,3,2501,7503
802,26-10-2024,Bangalore,Clothing,T-Shirt,4,761,3044
803,28-11-2024,Chennai,Groceries,Rice,2,3719,7438
804,29-10-2024,Kolkata,Groceries,Rice,1,2434,2434
805,26-07-2024,Kolkata,Groceries,Bread,1,4506,4506
806,06-06-2024,Chennai,Electronics,Phone,2,2593,5186
807,12-01-2024,Delhi,Clothing,Jeans,1,2202,2202
808,15-05-2024,Kolkata,Clothing,Jeans,1,2031,2031
809,23-05-2024,Kolkata,Clothing,Jeans,4,2662,10648
810,05-10-2024,Kolkata,Electronics,Phone,2,336,672
811,05-01-2024,Mumbai,Clothing,Jeans,4,4825,19300
812,04-09-2024,Delhi,Clothing,Jeans,4,4043,16172
813,30-04-2024,Bangalore,Groceries,Bread,4,2468,9872
814,24-03-2024,Bangalore,Clothing,Jacket,2,248,496
815,18-08-2024,Chennai,Groceries,Rice,2,4651,9302
816,28-09-2024,Mumbai,Groceries,Bread,4,1112,4448
817,13-08-2024,Delhi,Clothing,T-Shirt,4,1623,6492
818,18-10-2024,Delhi,Groceries,Milk,1,3825,3825
819,26-12-2024,Kolkata,Groceries,Milk,1,1701,1701
820,05-09-2024,Chennai,Clothing,Jacket,1,2917,2917
821,26-11-2024,Mumbai,Electronics,Laptop,1,2596,2596
822,02-06-2024,Mumbai,Electronics,Headphones,3,1825,5475
823,18-09-2024,Kolkata,Groceries,Milk,4,4506,18024
824,22-05-2024,Chennai,Clothing,Jeans,3,505,1515
825,12-01-2024,Chennai,Clothing,Jacket,2,343,686
826,11-02-2024,Chennai,Clothing,Jeans,3,660,1980
827,17-10-2024,Chennai,Clothing,Jacket,2,693,1386
828,06-06-2024,Mumbai,Groceries,Milk,2,3387,6774
829,07-03-2024,Chennai,Groceries,Rice,2,233,466
830,11-06-2024,Chennai,Clothing,Jeans,4,172,688
831,24-07-2024,Kolkata,Electronics,Laptop,2,4325,8650
832,25-01-2024,Chennai,Groceries,Bread,4,4461,17844
833,09-09-2024,Delhi,Clothing,Jacket,2,892,1784
834,04-04-2024,Bangalore,Electronics,Phone,2,4359,8718
835,01-12-2024,Bangalore,Clothing,Jacket,2,1233,2466
836,25-01-2024,Delhi,Clothing,Jacket,2,337,674
837,25-01-2024,Kolkata,Groceries,Rice,1,2629,2629
838,05-04-2024,Mumbai,Groceries,Milk,3,4323,12969
839,31-01-2024,Mumbai,Groceries,Rice,4,3824,15296
840,25-05-2024,Chennai,Electronics,Headphones,2,3703,7406
841,08-06-2024,Mumbai,Electronics,Headphones,1,2594,2594
842,10-09-2024,Kolkata,Groceries,Milk,1,4238,4238
843,13-10-2024,Mumbai,Clothing,Jeans,2,2810,5620
844,22-09-2024,Bangalore,Groceries,Rice,3,2053,6159
845,23-09-2024,Mumbai,Clothing,T-Shirt,1,4837,4837
846,25-02-2024,Kolkata,Clothing,T-Shirt,2,2050,4100
847,23-03-2024,Chennai,Electronics,Headphones,3,556,1668
848,24-11-2024,Kolkata,Electronics,Laptop,1,4344,4344
849,19-09-2024,Mumbai,Clothing,T-Shirt,4,4385,17540
850,08-09-2024,Delhi,Groceries,Milk,4,499,1996
851,09-02-2024,Kolkata,Groceries,Bread,1,1738,1738
852,24-12-2024,Delhi,Electronics,Phone,1,2248,2248
853,08-08-2024,Chennai,Electronics,Laptop,4,919,3676
854,03-05-2024,Mumbai,Groceries,Milk,4,519,2076
855,26-06-2024,Kolkata,Groceries,Bread,2,3402,6804
856,25-04-2024,Chennai,Groceries,Bread,3,1608,4824
857,07-01-2024,Chennai,Clothing,Jacket,3,867,2601
858,14-01-2024,Kolkata,Electronics,Phone,3,2239,6717
859,26-03-2024,Delhi,Clothing,Jacket,3,1864,5592
860,01-07-2024,Bangalore,Electronics,Headphones,1,4705,4705
861,17-08-2024,Bangalore,Groceries,Bread,2,2393,4786
862,17-05-2024,Delhi,Electronics,Laptop,3,2808,8424
863,05-03-2024,Chennai,Electronics,Phone,3,1000,3000
864,29-08-2024,Kolkata,Groceries,Milk,1,2109,2109
865,21-06-2024,Bangalore,Clothing,T-Shirt,1,2485,2485
866,06-07-2024,Kolkata,Clothing,T-Shirt,4,263,1052
867,03-11-2024,Chennai,Clothing,T-Shirt,3,4898,14694
868,26-04-2024,Chennai,Electronics,Phone,4,4378,17512
869,14-07-2024,Chennai,Electronics,Laptop,2,2657,5314
870,08-09-2024,Chennai,Electronics,Phone,2,4819,9638
871,14-08-2024,Kolkata,Electronics,Phone,2,4939,9878
872,11-02-2024,Chennai,Clothing,Jacket,1,3904,3904
873,22-04-2024,Kolkata,Groceries,Milk,1,2544,2544
874,29-04-2024,Mumbai,Electronics,Headphones,1,116,116
875,08-05-2024,Chennai,Clothing,T-Shirt,1,524,524
876,17-02-2024,Chennai,Groceries,Rice,2,671,1342
877,10-01-2024,Chennai,Groceries,Rice,1,1220,1220
878,19-08-2024,Bangalore,Clothing,Jeans,2,3997,7994
879,03-09-2024,Delhi,Clothing,T-Shirt,1,814,814
880,01-08-2024,Chennai,Electronics,Laptop,2,875,1750
881,08-12-2024,Bangalore,Groceries,Rice,4,178,712
882,08-01-2024,Kolkata,Groceries,Milk,4,2248,8992
883,27-03-2024,Kolkata,Groceries,Rice,1,3371,3371
884,18-04-2024,Bangalore,Groceries,Milk,3,3556,10668
885,31-05-2024,Chennai,Groceries,Milk,3,507,1521
886,27-05-2024,Kolkata,Electronics,Phone,1,1768,1768
887,09-11-2024,Mumbai,Groceries,Milk,1,4427,4427
888,15-08-2024,Mumbai,Clothing,Jeans,3,465,1395
889,29-07-2024,Mumbai,Electronics,Phone,3,4631,13893
890,28-01-2024,Chennai,Groceries,Bread,3,2646,7938
891,17-09-2024,Bangalore,Electronics,Phone,3,3662,10986
892,17-12-2024,Kolkata,Clothing,Jeans,1,2137,2137
893,20-04-2024,Chennai,Electronics,Phone,4,1673,6692
894,02-12-2024,Kolkata,Groceries,Bread,4,3391,13564
895,12-09-2024,Mumbai,Clothing,Jeans,3,3819,11457
896,18-02-2024,Delhi,Groceries,Milk,4,2476,9904
897,14-04-2024,Chennai,Groceries,Bread,4,1713,6852
898,28-04-2024,Chennai,Clothing,T-Shirt,1,4412,4412
899,22-09-2024,Mumbai,Clothing,T-Shirt,2,469,938
900,19-05-2024,Mumbai,Groceries,Rice,1,3847,3847
901,25-09-2024,Kolkata,Groceries,Rice,3,869,2607
902,14-10-2024,Mumbai,Clothing,Jacket,1,4083,4083
903,10-01-2024,Delhi,Electronics,Phone,4,622,2488
904,01-07-2024,Kolkata,Electronics,Phone,3,2420,7260
905,10-11-2024,Mumbai,Clothing,Jacket,1,4683,4683
906,04-10-2024,Chennai,Clothing,T-Shirt,2,3797,7594
907,31-07-2024,Bangalore,Electronics,Phone,4,2561,10244
908,22-06-2024,Chennai,Electronics,Headphones,4,3459,13836
909,01-05-2024,Bangalore,Electronics,Phone,1,4088,4088
910,24-09-2024,Kolkata,Clothing,T-Shirt,4,138,552
911,18-01-2024,Mumbai,Groceries,Bread,1,3090,3090
912,28-05-2024,Delhi,Clothing,Jeans,1,3568,3568
913,25-12-2024,Delhi,Electronics,Phone,2,401,802
914,30-05-2024,Mumbai,Clothing,T-Shirt,2,746,1492
915,21-07-2024,Delhi,Clothing,Jacket,4,1859,7436
916,29-05-2024,Chennai,Electronics,Phone,4,697,2788
917,22-01-2024,Bangalore,Groceries,Milk,3,1468,4404
918,25-09-2024,Delhi,Electronics,Laptop,4,3968,15872
919,29-01-2024,Chennai,Clothing,T-Shirt,2,4965,9930
920,09-10-2024,Delhi,Electronics,Headphones,1,4658,4658
921,28-03-2024,Chennai,Clothing,T-Shirt,2,3778,7556
922,04-10-2024,Chennai,Clothing,Jeans,4,560,2240
923,07-07-2024,Bangalore,Clothing,Jeans,3,2568,7704
924,03-01-2024,Mumbai,Groceries,Rice,1,2843,2843
925,19-01-2024,Chennai,Electronics,Laptop,3,1753,5259
926,30-01-2024,Kolkata,Groceries,Bread,3,2560,7680
927,07-05-2024,Mumbai,Clothing,T-Shirt,3,1404,4212
928,04-07-2024,Bangalore,Electronics,Headphones,1,461,461
929,03-01-2024,Delhi,Clothing,Jacket,4,1384,5536
930,27-12-2024,Chennai,Electronics,Phone,1,1955,1955
931,10-01-2024,Bangalore,Clothing,Jacket,2,3662,7324
932,28-10-2024,Mumbai,Groceries,Rice,1,4067,4067
933,06-03-2024,Bangalore,Groceries,Bread,3,1022,3066
934,13-01-2024,Chennai,Clothing,Jeans,1,2259,2259
935,26-03-2024,Mumbai,Electronics,Headphones,1,2647,2647
936,09-11-2024,Chennai,Groceries,Milk,2,2749,5498
937,27-07-2024,Bangalore,Clothing,Jacket,2,3183,6366
938,30-04-2024,Mumbai,Clothing,T-Shirt,2,1137,2274
939,30-08-2024,Bangalore,Electronics,Headphones,2,2734,5468
940,29-07-2024,Kolkata,Electronics,Headphones,3,3995,11985
941,11-05-2024,Delhi,Electronics,Laptop,1,797,797
942,11-05-2024,Mumbai,Groceries,Bread,3,1504,4512
943,24-01-2024,Delhi,Clothing,Jacket,4,2029,8116
944,02-06-2024,Delhi,Electronics,Laptop,2,326,652
945,24-12-2024,Mumbai,Clothing,T-Shirt,1,2123,2123
946,16-09-2024,Chennai,Groceries,Milk,1,2185,2185
947,20-01-2024,Kolkata,Groceries,Bread,4,1180,4720
948,11-03-2024,Kolkata,Groceries,Bread,1,3290,3290
949,14-01-2024,Kolkata,Electronics,Phone,4,3392,13568
950,04-07-2024,Kolkata,Clothing,Jacket,3,4531,13593
951,10-09-2024,Mumbai,Groceries,Rice,3,3047,9141
952,06-06-2024,Delhi,Clothing,T-Shirt,4,261,1044
953,29-02-2024,Kolkata,Electronics,Phone,2,3359,6718
954,14-11-2024,Delhi,Groceries,Bread,3,3988,11964
955,31-05-2024,Mumbai,Electronics,Phone,2,4601,9202
956,09-11-2024,Bangalore,Groceries,Bread,1,641,641
957,21-12-2024,Mumbai,Electronics,Phone,2,3074,6148
958,21-06-2024,Delhi,Groceries,Rice,4,2166,8664
959,22-04-2024,Bangalore,Groceries,Rice,4,4378,17512
960,25-05-2024,Kolkata,Groceries,Milk,3,2628,7884
961,22-04-2024,Delhi,Groceries,Rice,3,1751,5253
962,07-09-2024,Delhi,Groceries,Milk,3,575,1725
963,27-04-2024,Delhi,Groceries,Rice,3,1119,3357
964,16-07-2024,Mumbai,Clothing,Jeans,1,4356,4356
965,27-08-2024,Kolkata,Electronics,Laptop,4,759,3036
966,16-07-2024,Mumbai,Groceries,Milk,3,2110,6330
967,03-05-2024,Delhi,Groceries,Bread,3,2225,6675
968,20-11-2024,Chennai,Clothing,Jeans,3,4797,14391
969,01-03-2024,Chennai,Clothing,T-Shirt,1,599,599
970,15-09-2024,Chennai,Clothing,Jeans,2,2197,4394
971,15-12-2024,Mumbai,Electronics,Laptop,1,3796,3796
972,02-12-2024,Mumbai,Groceries,Rice,2,2857,5714
973,20-02-2024,Mumbai,Electronics,Phone,3,2000,6000
974,04-02-2024,Kolkata,Clothing,Jeans,1,4086,4086
975,14-12-2024,Bangalore,Groceries,Milk,2,4776,9552
976,18-02-2024,Delhi,Groceries,Bread,4,2103,8412
977,17-09-2024,Chennai,Clothing,Jeans,1,803,803
978,16-09-2024,Chennai,Groceries,Milk,4,1725,6900
979,08-05-2024,Kolkata,Electronics,Headphones,2,3078,6156
980,09-04-2024,Kolkata,Groceries,Bread,4,3484,13936
981,30-06-2024,Kolkata,Groceries,Rice,2,2956,5912
982,26-02-2024,Delhi,Electronics,Headphones,2,4383,8766
983,31-05-2024,Kolkata,Electronics,Laptop,3,1719,5157
984,31-07-2024,Chennai,Electronics,Laptop,1,4743,4743
985,29-12-2024,Delhi,Clothing,Jeans,2,1531,3062
986,07-12-2024,Chennai,Electronics,Headphones,2,2561,5122
987,07-08-2024,Kolkata,Groceries,Rice,4,262,1048
988,01-12-2024,Chennai,Clothing,Jacket,2,731,1462
989,15-04-2024,Delhi,Clothing,T-Shirt,4,3353,13412
990,10-03-2024,Bangalore,Electronics,Headphones,1,304,304
991,27-10-2024,Delhi,Clothing,T-Shirt,4,940,3760
992,16-04-2024,Delhi,Electronics,Laptop,4,1819,7276
993,28-12-2024,Mumbai,Clothing,Jacket,4,2397,9588
994,07-01-2024,Delhi,Clothing,T-Shirt,1,789,789
995,08-06-2024,Chennai,Electronics,Headphones,2,1522,3044
996,22-05-2024,Kolkata,Clothing,Jacket,4,1271,5084
997,02-06-2024,Mumbai,Groceries,Rice,4,1549,6196
998,21-05-2024,Mumbai,Electronics,Phone,4,4059,16236
999,09-11-2024,Mumbai,Electronics,Headphones,1,4360,4360
1000,10-05-2024,Kolkata,Groceries,Milk,1,3752,3752
